-- phpMyAdmin SQL Dump
-- version 4.4.14
-- http://www.phpmyadmin.net
--
-- Host: 127.0.0.1
-- Generation Time: 22 Mar 2016 pada 13.36
-- Versi Server: 5.6.26
-- PHP Version: 5.6.12

SET SQL_MODE = "NO_AUTO_VALUE_ON_ZERO";
SET time_zone = "+00:00";


/*!40101 SET @OLD_CHARACTER_SET_CLIENT=@@CHARACTER_SET_CLIENT */;
/*!40101 SET @OLD_CHARACTER_SET_RESULTS=@@CHARACTER_SET_RESULTS */;
/*!40101 SET @OLD_COLLATION_CONNECTION=@@COLLATION_CONNECTION */;
/*!40101 SET NAMES utf8mb4 */;

--
-- Database: `sat`
--

-- --------------------------------------------------------

--
-- Struktur dari tabel `absen`
--

CREATE TABLE IF NOT EXISTS `absen` (
  `Mengambil_Mahasiswa_nim` varchar(20) NOT NULL,
  `Mengambil_Mata_Kuliah_id_mk` int(11) NOT NULL,
  `Mengambil_tgl_register` datetime NOT NULL,
  `tgl_absen` datetime DEFAULT NULL,
  `is_over_absen` tinyint(1) DEFAULT NULL
) ENGINE=InnoDB DEFAULT CHARSET=utf8;

--
-- Dumping data untuk tabel `absen`
--

INSERT INTO `absen` (`Mengambil_Mahasiswa_nim`, `Mengambil_Mata_Kuliah_id_mk`, `Mengambil_tgl_register`, `tgl_absen`, `is_over_absen`) VALUES
('081411631002', 9, '2016-03-21 11:31:16', NULL, 0),
('081411631003', 9, '2016-03-21 11:32:42', NULL, 0),
('081411631004', 9, '2016-03-21 11:32:50', NULL, 0),
('081411631005', 9, '2016-03-21 11:33:00', NULL, 0),
('081411631006', 9, '2016-03-21 11:33:09', NULL, 0),
('081411631007', 9, '2016-03-21 11:35:15', NULL, 0),
('081411631008', 9, '2016-03-21 11:35:22', NULL, 0),
('081411631009', 9, '2016-03-21 11:35:30', NULL, 0),
('081411631009', 9, '2016-03-21 11:35:44', NULL, 0),
('081411631010', 9, '2016-03-21 11:35:54', NULL, 0),
('081411631011', 9, '2016-03-21 11:36:05', NULL, 0),
('081411631012', 9, '2016-03-21 11:36:19', NULL, 0),
('081411631013', 9, '2016-03-21 11:36:47', NULL, 0),
('081411631014', 9, '2016-03-21 11:36:54', NULL, 0),
('081411631015', 9, '2016-03-21 11:37:39', NULL, 0),
('081411631016', 9, '2016-03-21 11:37:49', NULL, 0),
('081411631017', 9, '2016-03-21 11:38:01', NULL, 0),
('081411631018', 9, '2016-03-21 11:38:12', NULL, 0),
('081411631019', 9, '2016-03-21 11:38:30', NULL, 0),
('081411631020', 9, '2016-03-21 11:38:41', NULL, 0),
('081411631021', 9, '2016-03-21 11:39:07', NULL, 0),
('081411631022', 9, '2016-03-21 11:39:23', NULL, 0),
('081411631023', 9, '2016-03-21 11:39:34', NULL, 0),
('081411631024', 9, '2016-03-21 11:39:46', NULL, 0),
('081411631025', 9, '2016-03-21 11:40:11', NULL, 0),
('081411631026', 9, '2016-03-21 11:40:34', NULL, 0),
('081411631027', 9, '2016-03-21 11:40:44', NULL, 0),
('081411631028', 9, '2016-03-21 11:40:54', NULL, 0),
('081411631029', 9, '2016-03-21 11:41:14', NULL, 0),
('081411631030', 9, '2016-03-21 11:41:38', NULL, 0),
('081411631031', 9, '2016-03-21 11:41:56', NULL, 0),
('081411631031', 9, '2016-03-21 11:42:19', NULL, 0),
('081411631032', 9, '2016-03-21 11:42:34', NULL, 0),
('081411631033', 9, '2016-03-21 11:43:24', NULL, 0),
('081411631034', 9, '2016-03-21 11:43:38', NULL, 0),
('081411631035', 9, '2016-03-21 11:43:48', NULL, 0),
('081411631036', 9, '2016-03-21 11:43:59', NULL, 0),
('081411631037', 9, '2016-03-21 11:44:16', NULL, 0),
('081411631038', 9, '2016-03-21 11:44:28', NULL, 0),
('081411631039', 9, '2016-03-21 11:44:48', NULL, 0),
('081411631040', 9, '2016-03-21 11:45:50', NULL, 0),
('081411631041', 9, '2016-03-21 11:46:00', NULL, 0),
('081411631042', 9, '2016-03-21 11:46:12', NULL, 0),
('081411631043', 9, '2016-03-21 11:46:46', NULL, 0),
('081411631044', 9, '2016-03-21 11:47:04', NULL, 0),
('081411631045', 9, '2016-03-21 11:48:14', NULL, 0),
('081411631047', 9, '2016-03-21 11:48:37', NULL, 0),
('081411631049', 9, '2016-03-21 11:48:53', NULL, 0),
('081411631050', 9, '2016-03-21 11:49:06', NULL, 0),
('081411633001', 9, '2016-03-21 11:49:30', NULL, 0),
('081411633004', 9, '2016-03-21 11:50:04', NULL, 0),
('081411633005', 9, '2016-03-21 11:50:20', NULL, 0),
('081411633006', 9, '2016-03-21 11:50:37', NULL, 0),
('081411633007', 9, '2016-03-21 11:50:49', NULL, 0),
('081411633008', 9, '2016-03-21 11:51:05', NULL, 0),
('081411633009', 9, '2016-03-21 11:51:19', NULL, 0),
('081511633001', 3, '2016-03-21 08:59:58', NULL, 0),
('081511633001', 3, '2016-03-21 10:11:54', NULL, 0),
('081511633001', 4, '2016-03-21 08:59:58', NULL, 0),
('081511633001', 4, '2016-03-21 10:11:54', NULL, 0),
('081511633001', 5, '2016-03-21 08:59:58', NULL, 0),
('081511633001', 5, '2016-03-21 10:11:54', NULL, 0),
('081511633002', 3, '2016-03-21 09:00:18', NULL, 0),
('081511633002', 4, '2016-03-21 09:00:18', NULL, 0),
('081511633002', 5, '2016-03-21 09:00:18', NULL, 0),
('081511633003', 3, '2016-03-21 09:01:18', NULL, 0),
('081511633003', 4, '2016-03-21 09:01:18', NULL, 0),
('081511633003', 5, '2016-03-21 09:01:18', NULL, 0),
('081511633004', 3, '2016-03-21 09:02:42', NULL, 0),
('081511633004', 4, '2016-03-21 09:02:42', NULL, 0),
('081511633004', 5, '2016-03-21 09:02:42', NULL, 0),
('081511633005', 3, '2016-03-21 09:02:52', NULL, 0),
('081511633005', 4, '2016-03-21 09:02:52', NULL, 0),
('081511633005', 5, '2016-03-21 09:02:52', NULL, 0),
('081511633006', 3, '2016-03-21 09:03:04', NULL, 0),
('081511633006', 4, '2016-03-21 09:03:04', NULL, 0),
('081511633006', 5, '2016-03-21 09:03:04', NULL, 0),
('081511633007', 3, '2016-03-21 09:04:23', NULL, 0),
('081511633007', 4, '2016-03-21 09:04:23', NULL, 0),
('081511633007', 5, '2016-03-21 09:04:23', NULL, 0),
('081511633008', 3, '2016-03-21 09:04:52', NULL, 0),
('081511633008', 4, '2016-03-21 09:04:52', NULL, 0),
('081511633008', 5, '2016-03-21 09:04:52', NULL, 0),
('081511633009', 3, '2016-03-21 09:05:04', NULL, 0),
('081511633009', 4, '2016-03-21 09:05:04', NULL, 0),
('081511633009', 5, '2016-03-21 09:05:04', NULL, 0),
('081511633010', 3, '2016-03-21 09:05:15', NULL, 0),
('081511633010', 4, '2016-03-21 09:05:15', NULL, 0),
('081511633010', 5, '2016-03-21 09:05:15', NULL, 0),
('081511633011', 3, '2016-03-21 09:05:26', NULL, 0),
('081511633011', 4, '2016-03-21 09:05:26', NULL, 0),
('081511633011', 5, '2016-03-21 09:05:26', NULL, 0),
('081511633012', 3, '2016-03-21 09:05:37', NULL, 0),
('081511633012', 4, '2016-03-21 09:05:37', NULL, 0),
('081511633012', 5, '2016-03-21 09:05:37', NULL, 0),
('081511633013', 3, '2016-03-21 09:05:49', NULL, 0),
('081511633013', 4, '2016-03-21 09:05:49', NULL, 0),
('081511633013', 5, '2016-03-21 09:05:49', NULL, 0),
('081511633014', 3, '2016-03-21 09:06:06', NULL, 0),
('081511633014', 4, '2016-03-21 09:06:06', NULL, 0),
('081511633014', 5, '2016-03-21 09:06:06', NULL, 0),
('081511633015', 3, '2016-03-21 09:06:56', NULL, 0),
('081511633015', 4, '2016-03-21 09:06:56', NULL, 0),
('081511633015', 5, '2016-03-21 09:06:56', NULL, 0),
('081511633016', 3, '2016-03-21 09:07:10', NULL, 0),
('081511633016', 4, '2016-03-21 09:07:10', NULL, 0),
('081511633016', 5, '2016-03-21 09:07:10', NULL, 0),
('081511633017', 3, '2016-03-21 09:07:21', NULL, 0),
('081511633017', 4, '2016-03-21 09:07:21', NULL, 0),
('081511633017', 5, '2016-03-21 09:07:21', NULL, 0),
('081511633018', 3, '2016-03-21 09:26:27', NULL, 0),
('081511633018', 4, '2016-03-21 09:26:27', NULL, 0),
('081511633018', 5, '2016-03-21 09:26:27', NULL, 0),
('081511633019', 3, '2016-03-21 09:26:43', NULL, 0),
('081511633019', 4, '2016-03-21 09:26:43', NULL, 0),
('081511633019', 5, '2016-03-21 09:26:43', NULL, 0),
('081511633020', 3, '2016-03-21 09:27:08', NULL, 0),
('081511633020', 4, '2016-03-21 09:27:08', NULL, 0),
('081511633020', 5, '2016-03-21 09:27:08', NULL, 0),
('081511633021', 3, '2016-03-21 09:27:25', NULL, 0),
('081511633021', 4, '2016-03-21 09:27:25', NULL, 0),
('081511633021', 5, '2016-03-21 09:27:25', NULL, 0),
('081511633022', 3, '2016-03-21 09:27:58', NULL, 0),
('081511633022', 4, '2016-03-21 09:27:58', NULL, 0),
('081511633022', 5, '2016-03-21 09:27:58', NULL, 0),
('081511633023', 3, '2016-03-21 09:28:19', NULL, 0),
('081511633023', 4, '2016-03-21 09:28:19', NULL, 0),
('081511633023', 5, '2016-03-21 09:28:19', NULL, 0),
('081511633024', 3, '2016-03-21 09:28:33', NULL, 0),
('081511633024', 4, '2016-03-21 09:28:33', NULL, 0),
('081511633024', 5, '2016-03-21 09:28:33', NULL, 0),
('081511633025', 3, '2016-03-21 09:28:54', NULL, 0),
('081511633025', 4, '2016-03-21 09:28:54', NULL, 0),
('081511633025', 5, '2016-03-21 09:28:54', NULL, 0),
('081511633026', 3, '2016-03-21 09:29:11', NULL, 0),
('081511633026', 4, '2016-03-21 09:29:11', NULL, 0),
('081511633026', 5, '2016-03-21 09:29:11', NULL, 0),
('081511633027', 3, '2016-03-21 09:33:24', NULL, 0),
('081511633027', 4, '2016-03-21 09:33:24', NULL, 0),
('081511633027', 5, '2016-03-21 09:33:24', NULL, 0),
('081511633028', 3, '2016-03-21 09:33:43', NULL, 0),
('081511633028', 4, '2016-03-21 09:33:43', NULL, 0),
('081511633028', 5, '2016-03-21 09:33:43', NULL, 0),
('081511633029', 3, '2016-03-21 09:39:25', NULL, 0),
('081511633029', 4, '2016-03-21 09:39:25', NULL, 0),
('081511633029', 5, '2016-03-21 09:39:25', NULL, 0),
('081511633030', 3, '2016-03-21 09:40:19', NULL, 0),
('081511633030', 4, '2016-03-21 09:40:19', NULL, 0),
('081511633030', 5, '2016-03-21 09:40:19', NULL, 0),
('081511633031', 3, '2016-03-21 09:40:45', NULL, 0),
('081511633031', 4, '2016-03-21 09:40:45', NULL, 0),
('081511633031', 5, '2016-03-21 09:40:45', NULL, 0),
('081511633032', 3, '2016-03-21 09:41:24', NULL, 0),
('081511633032', 4, '2016-03-21 09:41:24', NULL, 0),
('081511633032', 5, '2016-03-21 09:41:24', NULL, 0),
('081511633033', 3, '2016-03-21 09:55:09', NULL, 0),
('081511633033', 4, '2016-03-21 09:55:09', NULL, 0),
('081511633033', 5, '2016-03-21 09:55:09', NULL, 0),
('081511633034', 3, '2016-03-21 09:59:04', NULL, 0),
('081511633034', 4, '2016-03-21 09:59:04', NULL, 0),
('081511633034', 5, '2016-03-21 09:59:04', NULL, 0),
('081511633035', 3, '2016-03-21 10:16:49', NULL, 0),
('081511633035', 4, '2016-03-21 10:16:49', NULL, 0),
('081511633035', 5, '2016-03-21 10:16:49', NULL, 0),
('081511633036', 3, '2016-03-21 10:17:15', NULL, 0),
('081511633036', 4, '2016-03-21 10:17:15', NULL, 0),
('081511633036', 5, '2016-03-21 10:17:15', NULL, 0),
('081511633037', 3, '2016-03-21 10:20:07', NULL, 0),
('081511633037', 4, '2016-03-21 10:20:07', NULL, 0),
('081511633037', 5, '2016-03-21 10:20:07', NULL, 0),
('081511633038', 3, '2016-03-21 10:20:20', NULL, 0),
('081511633038', 4, '2016-03-21 10:20:20', NULL, 0),
('081511633038', 5, '2016-03-21 10:20:20', NULL, 0),
('081511633039', 3, '2016-03-21 10:20:35', NULL, 0),
('081511633039', 4, '2016-03-21 10:20:35', NULL, 0),
('081511633039', 5, '2016-03-21 10:20:35', NULL, 0),
('081511633040', 3, '2016-03-21 10:20:52', NULL, 0),
('081511633040', 4, '2016-03-21 10:20:52', NULL, 0),
('081511633040', 5, '2016-03-21 10:20:52', NULL, 0),
('081511633041', 3, '2016-03-21 10:21:21', NULL, 0),
('081511633041', 4, '2016-03-21 10:21:21', NULL, 0),
('081511633041', 5, '2016-03-21 10:21:21', NULL, 0),
('081511633042', 3, '2016-03-21 10:21:45', NULL, 0),
('081511633042', 4, '2016-03-21 10:21:45', NULL, 0),
('081511633042', 5, '2016-03-21 10:21:45', NULL, 0),
('081511633043', 3, '2016-03-21 10:22:03', NULL, 0),
('081511633043', 4, '2016-03-21 10:22:03', NULL, 0),
('081511633043', 5, '2016-03-21 10:22:03', NULL, 0),
('081511633044', 3, '2016-03-21 10:24:40', NULL, 0),
('081511633044', 4, '2016-03-21 10:24:40', NULL, 0),
('081511633044', 5, '2016-03-21 10:24:40', NULL, 0),
('081511633045', 3, '2016-03-21 10:25:18', NULL, 0),
('081511633045', 4, '2016-03-21 10:25:18', NULL, 0),
('081511633045', 5, '2016-03-21 10:25:18', NULL, 0),
('081511633046', 3, '2016-03-21 10:27:10', NULL, 0),
('081511633046', 4, '2016-03-21 10:27:10', NULL, 0),
('081511633046', 5, '2016-03-21 10:27:10', NULL, 0),
('081511633047', 3, '2016-03-21 10:28:06', NULL, 0),
('081511633047', 4, '2016-03-21 10:28:06', NULL, 0),
('081511633047', 5, '2016-03-21 10:28:06', NULL, 0),
('081511633048', 3, '2016-03-21 10:29:38', NULL, 0),
('081511633048', 4, '2016-03-21 10:29:38', NULL, 0),
('081511633048', 5, '2016-03-21 10:29:38', NULL, 0),
('081511633049', 3, '2016-03-21 10:30:12', NULL, 0),
('081511633049', 4, '2016-03-21 10:30:12', NULL, 0),
('081511633049', 5, '2016-03-21 10:30:12', NULL, 0),
('081511633050', 3, '2016-03-21 10:30:29', NULL, 0),
('081511633050', 4, '2016-03-21 10:30:29', NULL, 0),
('081511633050', 5, '2016-03-21 10:30:29', NULL, 0),
('081511633051', 3, '2016-03-21 10:30:47', NULL, 0),
('081511633051', 4, '2016-03-21 10:30:47', NULL, 0),
('081511633051', 5, '2016-03-21 10:30:47', NULL, 0),
('081511633052', 3, '2016-03-21 10:31:02', NULL, 0),
('081511633052', 4, '2016-03-21 10:31:02', NULL, 0),
('081511633052', 5, '2016-03-21 10:31:02', NULL, 0),
('081511633053', 3, '2016-03-21 10:33:27', NULL, 0),
('081511633053', 4, '2016-03-21 10:33:27', NULL, 0),
('081511633053', 5, '2016-03-21 10:33:27', NULL, 0),
('081511633054', 3, '2016-03-21 10:33:40', NULL, 0),
('081511633054', 4, '2016-03-21 10:33:40', NULL, 0),
('081511633054', 5, '2016-03-21 10:33:40', NULL, 0),
('081511633055', 3, '2016-03-21 10:34:13', NULL, 0),
('081511633055', 4, '2016-03-21 10:34:13', NULL, 0),
('081511633055', 5, '2016-03-21 10:34:13', NULL, 0),
('081511633056', 3, '2016-03-21 10:34:24', NULL, 0),
('081511633056', 4, '2016-03-21 10:34:24', NULL, 0),
('081511633056', 5, '2016-03-21 10:34:24', NULL, 0);

-- --------------------------------------------------------

--
-- Struktur dari tabel `mahasiswa`
--

CREATE TABLE IF NOT EXISTS `mahasiswa` (
  `nim` varchar(20) NOT NULL,
  `nama` varchar(100) DEFAULT NULL,
  `angkatan` int(11) DEFAULT NULL,
  `no_hp` varchar(12) DEFAULT NULL,
  `email` mediumtext,
  `password` varchar(100) DEFAULT NULL,
  `is_deleted_mhs` tinyint(1) DEFAULT NULL,
  `deleted_at` datetime DEFAULT NULL,
  `is_penutor` tinyint(1) DEFAULT NULL,
  `is_admin` tinyint(1) DEFAULT NULL
) ENGINE=InnoDB DEFAULT CHARSET=utf8;

--
-- Dumping data untuk tabel `mahasiswa`
--

INSERT INTO `mahasiswa` (`nim`, `nama`, `angkatan`, `no_hp`, `email`, `password`, `is_deleted_mhs`, `deleted_at`, `is_penutor`, `is_admin`) VALUES
('081411631002', 'Dhanang Wibisono', 2014, '123', 'at', NULL, 0, NULL, 0, 0),
('081411631003', 'Almira Hani', 2014, '123', 'at', NULL, 0, NULL, 0, 0),
('081411631004', 'Muhamad Hakim Nur Iman', 2014, '123', 'at', NULL, 0, NULL, 0, 0),
('081411631005', 'Alghof Arwandana', 2014, '123', 'at', NULL, 0, NULL, 0, 0),
('081411631006', 'Muhammad Hilmi Achwin', 2014, '123', 'at', NULL, 0, NULL, 1, 0),
('081411631007', 'Rr. Nadhila Ramadhini Ayuvinda', 2014, '123', 'at', NULL, 0, NULL, 0, 0),
('081411631008', 'Dimas Aditya Dwi Putranto', 2014, '123', 'at', NULL, 0, NULL, 0, 0),
('081411631009', 'Garrincha Didi Nugroho', 2014, '123', 'at', NULL, 0, NULL, 0, 0),
('081411631010', 'Andhini Dita Putri', 2014, '123', 'at', NULL, 0, NULL, 0, 0),
('081411631011', 'Farie Rachmat Chusmana', 2014, '123', 'at', NULL, 0, NULL, 0, 0),
('081411631012', 'Fachruzi''ah Wulan Safitri', 2014, '123', 'at', NULL, 0, NULL, 0, 0),
('081411631013', 'Nur Kafifah Ziyani', 2014, '123', 'at', NULL, 0, NULL, 0, 0),
('081411631014', 'Ramadhan Akira Rahadian', 2014, '123', 'at', NULL, 0, NULL, 0, 0),
('081411631015', 'Muhammad Nur Fa''iq Majid', 2014, '123', 'at', NULL, 0, NULL, 0, 0),
('081411631016', 'Zafitra Ramadani', 2014, '123', 'at', NULL, 0, NULL, 0, 0),
('081411631017', 'Hesti Indah Sari', 2014, '123', 'at', NULL, 0, NULL, 0, 0),
('081411631018', 'Putra Arga Shiddiq Ardiansyah', 2014, '123', 'at', NULL, 0, NULL, 0, 0),
('081411631019', 'Dionisius Nanda Priyadi', 2014, '123', 'at', NULL, 0, NULL, 0, 0),
('081411631020', 'Windra Rasyad', 2014, '123', 'at', NULL, 0, NULL, 0, 0),
('081411631021', 'Pandu Patra Walujo', 2014, '123', 'at', NULL, 0, NULL, 0, 0),
('081411631022', 'Gersom Halmaherantara Yudha', 2014, '123', 'at', NULL, 0, NULL, 0, 0),
('081411631023', 'Raffy Dwastian Aldhi', 2014, '123', 'at', NULL, 0, NULL, 0, 0),
('081411631024', 'Fandi Bramanto', 2014, '123', 'at', NULL, 0, NULL, 0, 0),
('081411631025', 'Rizaldi Firdaus Akbar', 2014, '123', 'at', NULL, 0, NULL, 0, 0),
('081411631026', 'Livia Felisia Marentina', 2014, '123', 'at', NULL, 0, NULL, 0, 0),
('081411631027', 'Elzha Odie Syahputra', 2014, '123', 'at', NULL, 0, NULL, 0, 0),
('081411631028', 'Siffiyan Assauri', 2014, '123', 'at', NULL, 0, NULL, 0, 0),
('081411631029', 'Abdul Azis Faisal', 2014, '123', 'at', NULL, 0, NULL, 0, 0),
('081411631030', 'Ryan Rahmanda N F B', 2014, '123', 'at', NULL, 0, NULL, 0, 0),
('081411631031', 'Rizaldi Yanuar Dwi H', 2014, '123', 'at', NULL, 0, NULL, 0, 0),
('081411631032', 'Choirul Heidi T', 2014, '123', 'at', NULL, 0, NULL, 0, 0),
('081411631033', 'Vincentius Aristya B', 2014, '123', 'at', NULL, 0, NULL, 0, 0),
('081411631034', 'M Yusuf Indra', 2014, '123', 'at', NULL, 0, NULL, 0, 0),
('081411631035', 'Ayu Fara Mega P', 2014, '123', 'at', NULL, 0, NULL, 0, 0),
('081411631036', 'Alfeira Nur Aisyah', 2014, '123', 'at', NULL, 0, NULL, 0, 0),
('081411631037', 'Alberto Martin Hau', 2014, '123', 'at', NULL, 0, NULL, 0, 0),
('081411631038', 'Shof Rijal Ahlan R', 2014, '123', 'at', NULL, 0, NULL, 0, 0),
('081411631039', 'Nuzulla Fery Lian', 2014, '123', 'at', NULL, 0, NULL, 0, 0),
('081411631040', 'Dhania Ulfa A. ', 2014, '082331804000', 'dhaniaulfaa@gmail.com', 'exo', NULL, NULL, 0, 1),
('081411631041', 'Pratomo Adi Atmaji', 2014, '123', 'at', NULL, 0, NULL, 0, 0),
('081411631042', 'Evan Mahendra', 2014, '123', 'at', NULL, 0, NULL, 0, 0),
('081411631043', 'Kretawiweka Nuraga S', 2014, '123', 'at', NULL, 0, NULL, 0, 0),
('081411631044', 'Kenny Everest K', 2014, '123', 'at', NULL, 0, NULL, 1, 0),
('081411631045', 'Sonya Agnesia S', 2014, '123', 'at', NULL, 0, NULL, 0, 0),
('081411631047', 'Lanang Alun Nugraha', 2014, '123', 'at', NULL, 0, NULL, 0, 0),
('081411631049', 'Fendy Rahmaditya', 2014, '123', 'at', NULL, 0, NULL, 0, 0),
('081411631050', 'Halimatuz Zuhriyah', 2014, '123', 'at', NULL, 0, NULL, 0, 0),
('081411633001', 'Rizqi Akbar Romdloni', 2014, '123', 'at', NULL, 0, NULL, 0, 0),
('081411633004', 'Dzikri Robbi Usammah', 2014, '123', 'at', NULL, 0, NULL, 0, 0),
('081411633005', 'Regina Devi Loanita Lapian', 2014, '123', 'at', NULL, 0, NULL, 0, 0),
('081411633006', 'Benhur Oversai Auna', 2014, '123', 'at', NULL, 0, NULL, 0, 0),
('081411633007', 'Dian Ramadani', 2014, '123', 'at', NULL, 0, NULL, 0, 0),
('081411633008', 'Prasetyo Adi Mukti', 2014, '123', 'at', NULL, 0, NULL, 0, 0),
('081411633009', 'Faisal Rahman Handita', 2014, '123', 'at', NULL, 0, NULL, 0, 0),
('081511633001', 'NUR ROFI''ATUS SA''DIYAH', 2015, '123', 'at', NULL, 0, NULL, 0, 0),
('081511633002', 'DEWI AMBARRINA', 2015, '123', 'at', NULL, 0, NULL, 0, 0),
('081511633003', 'MUCH. WAHYU ABDUL MUCHLIS', 2015, '123', 'a', NULL, 0, NULL, 0, 0),
('081511633004', 'MUHAMMAD ADAM BAHTIAR', 2015, '123', 'at', NULL, 0, NULL, 0, 0),
('081511633005', 'SYAH AMIL MENTARI HATI', 2015, '123', 'at', NULL, 0, NULL, 0, 0),
('081511633006', 'ABDUL AZIZ AL KHAKIM', 2015, '123', 'at', NULL, 0, NULL, 0, 0),
('081511633007', 'NIMAS AZIMATUR ROHMAH', 2015, '123', 'at', NULL, 0, NULL, 0, 0),
('081511633008', 'ACHMAD BRIAN ABRAHAM', 2015, '123', 'at', NULL, 0, NULL, 0, 0),
('081511633009', 'ACHMAD DHIKRILLAH', 2015, '123', 'at', NULL, 0, NULL, 0, 0),
('081511633010', 'DONY KURNIAWAN PUTRA', 2015, '123', 'at', NULL, 0, NULL, 0, 0),
('081511633011', 'RIAN ANDRIANSYAH', 2015, '123', 'at', NULL, 0, NULL, 0, 0),
('081511633012', 'BINTI LATHIFATUL QOLBI', 2015, '123', 'at', NULL, 0, NULL, 0, 0),
('081511633013', 'ALDIPSA JULI BRILLIYANTO', 2015, '123', 'at', NULL, 0, NULL, 0, 0),
('081511633014', 'AMSAL AMALY', 2015, '123', 'at', NULL, 0, NULL, 0, 0),
('081511633015', 'OCTA DWI KURNIAWATI', 2015, '123', 'at', NULL, 0, NULL, 0, 0),
('081511633016', 'DEWANGGA WISHNU PRATAMA', 2015, '123', 'at', NULL, 0, NULL, 0, 0),
('081511633017', 'NINDYASANTI NOURMA EKAPUTRI', 2015, '123', 'at', NULL, 0, NULL, 0, 0),
('081511633018', 'PUTRI DIVA AULIA', 2015, '123', 'at', NULL, 0, NULL, 0, 0),
('081511633019', 'HISMOYO NARENDRA', 2015, '123', 'at', NULL, 0, NULL, 0, 0),
('081511633020', 'FIQIH NUGRA ASTAMAPUTRA', 2015, '123', 'at', NULL, 0, NULL, 0, 0),
('081511633021', 'ADIB AULIA RAHMANSYAH', 2015, '123', 'at', NULL, 0, NULL, 0, 0),
('081511633022', 'ISNANDYA DHANIEL GALLANTA', 2015, '123', 'at', NULL, 0, NULL, 0, 0),
('081511633023', 'JUNDAN BAROFIL HIBBAN', 2015, '123', 'at', NULL, 0, NULL, 0, 0),
('081511633024', 'MUHAMAD REZA PORIZKOVA', 2015, '123', 'at', NULL, 0, NULL, 0, 0),
('081511633025', 'MOHAMAD ZAHAWIRUN NASIKIN', 2015, '123', 'at', NULL, 0, NULL, 0, 0),
('081511633026', 'GUNTUNG PRIAMBADA', 2015, '123', 'at', NULL, 0, NULL, 0, 0),
('081511633027', 'ALMIRANTI NISFITA', 2015, '123', 'at', NULL, 0, NULL, 0, 0),
('081511633028', 'GILANG AL RUSLIADI', 2015, '123', 'at', NULL, 0, NULL, 0, 0),
('081511633029', 'AHMAD FAJRUL FALAH', 2015, '123', 'at', NULL, 0, NULL, 0, 0),
('081511633030', 'ADHIVI HASNA RAFIDA', 2015, '123', 'at', NULL, 0, NULL, 0, 0),
('081511633031', 'MOCHAMMAD ALI ZAINAL ABIDIN', 2015, '123', 'at', NULL, 0, NULL, 0, 0),
('081511633032', 'DIMAS ARDIANSYAH', 2015, '123', 'at', NULL, 0, NULL, 0, 0),
('081511633033', 'ANANDA ESMUNALDO JOVYANO', 2015, '123', 'at', NULL, 0, NULL, 0, 0),
('081511633034', 'MUHAMMAD FAUZAN NURBANI', 2015, '123', 'at', NULL, 0, NULL, 0, 0),
('081511633035', 'MOHAMMAD AGUNG NUGROHO', 2015, '123', 'at', NULL, 0, NULL, 0, 0),
('081511633036', 'SATRIYA HUDA PRATAMA', 2015, '123', 'at', NULL, 0, NULL, 0, 0),
('081511633037', 'DESHINTA AYU SETIARTI', 2015, '123', 'at', NULL, 0, NULL, 0, 0),
('081511633038', 'AHMAD ALIF ROBIT ALHAZMI', 2015, '123', 'at', NULL, 0, NULL, 0, 0),
('081511633039', 'MOH. ABDUL GHOFUR AFIFUDIN ZEIN', 2015, '123', 'at', NULL, 0, NULL, 0, 0),
('081511633040', 'JESSICA PUTRI WANDIRA', 2015, '123', 'at', NULL, 0, NULL, 0, 0),
('081511633041', 'ROHIIM ARIFUL', 2015, '123', 'at', NULL, 0, NULL, 0, 0),
('081511633042', 'PRANOWO KHAJHUNUNG', 2015, '123', 'at', NULL, 0, NULL, 0, 0),
('081511633043', 'KINTAN RAFIKA CENDANI', 2015, '123', 'at', NULL, 0, NULL, 0, 0),
('081511633044', 'MUCHAMMAD KUKUH RIYADI', 2015, '123', 'at', NULL, 0, NULL, 0, 0),
('081511633045', 'ADITYA WASISNINDITA', 2015, '123', 'at', NULL, 0, NULL, 0, 0),
('081511633046', 'MOHAMMAD ICHWAN SATRYO', 2015, '123', 'at', NULL, 0, NULL, 0, 0),
('081511633047', 'RIDHA DWI HAPSARI', 2015, '123', 'at', NULL, 0, NULL, 0, 0),
('081511633048', 'JOSUA DJUANDA', 2015, '123', 'at', NULL, 0, NULL, 0, 0),
('081511633049', 'LAILI FITRI', 2015, '123', 'at', NULL, 0, NULL, 0, 0),
('081511633050', 'WAYAN PARIASTA', 2015, '123', 'at', NULL, 0, NULL, 0, 0),
('081511633051', 'YUDI DWIINDRA LUTFI', 2015, '123', 'at', NULL, 0, NULL, 0, 0),
('081511633052', 'ADITYA PARAMANANDA', 2015, '123', 'at', NULL, 0, NULL, 0, 0),
('081511633053', 'OBBI ABYAN HARITS ILYASA', 2015, '123', 'at', NULL, 0, NULL, 0, 0),
('081511633054', 'ILHAM DUDI ADIKARYA RAHMAD', 2015, '123', 'at', NULL, 0, NULL, 0, 0),
('081511633055', 'FADHILAH SALSABILA', 2015, '123', 'at', NULL, 0, NULL, 0, 0),
('081511633056', 'RIF''ATUL HIKMIYAH', 2015, '123', 'at', NULL, 0, NULL, 0, 0);

--
-- Trigger `mahasiswa`
--
DELIMITER $$
CREATE TRIGGER `UPDATE_mahasiswa_trigger` AFTER UPDATE ON `mahasiswa`
 FOR EACH ROW INSERT INTO penutor (mahasiswa_nim) VALUES (new.nim)
$$
DELIMITER ;

-- --------------------------------------------------------

--
-- Struktur dari tabel `mata_kuliah`
--

CREATE TABLE IF NOT EXISTS `mata_kuliah` (
  `id_mk` int(11) NOT NULL DEFAULT '0',
  `nama_mk` varchar(100) DEFAULT NULL,
  `is_deleted` tinyint(1) DEFAULT NULL,
  `deleted_at` datetime DEFAULT NULL
) ENGINE=InnoDB DEFAULT CHARSET=utf8;

--
-- Dumping data untuk tabel `mata_kuliah`
--

INSERT INTO `mata_kuliah` (`id_mk`, `nama_mk`, `is_deleted`, `deleted_at`) VALUES
(1, 'Kalkulus', 0, NULL),
(2, 'Algoritma dan Pemrograman', 0, NULL),
(3, 'Struktur Data', 0, NULL),
(4, 'Matriks dan Transformasi Liniar', 0, NULL),
(5, 'Statistik Dasar', 0, NULL),
(6, 'Matematika Diskrit', 0, NULL),
(7, 'Basis Data', 0, NULL),
(8, 'Pemrograman Berorientasi Objek', 0, NULL),
(9, 'Riset Operasi', 0, NULL),
(10, 'Pemrograman Berbasis Internet', 0, NULL);

-- --------------------------------------------------------

--
-- Struktur dari tabel `mata_kuliah_has_penutor`
--

CREATE TABLE IF NOT EXISTS `mata_kuliah_has_penutor` (
  `Mata_Kuliah_id_mk` int(11) NOT NULL,
  `Penutor_Mahasiswa_nim` varchar(20) NOT NULL
) ENGINE=InnoDB DEFAULT CHARSET=utf8;

-- --------------------------------------------------------

--
-- Struktur dari tabel `mengambil`
--

CREATE TABLE IF NOT EXISTS `mengambil` (
  `Mahasiswa_nim` varchar(20) NOT NULL,
  `Mata_Kuliah_id_mk` int(11) NOT NULL,
  `tgl_register` datetime NOT NULL,
  `is_over` tinyint(1) DEFAULT NULL
) ENGINE=InnoDB DEFAULT CHARSET=utf8;

--
-- Dumping data untuk tabel `mengambil`
--

INSERT INTO `mengambil` (`Mahasiswa_nim`, `Mata_Kuliah_id_mk`, `tgl_register`, `is_over`) VALUES
('081411631002', 9, '2016-03-21 11:31:16', 0),
('081411631003', 9, '2016-03-21 11:32:42', 0),
('081411631004', 9, '2016-03-21 11:32:50', 0),
('081411631005', 9, '2016-03-21 11:33:00', 0),
('081411631006', 9, '2016-03-21 11:33:09', 0),
('081411631007', 9, '2016-03-21 11:35:15', 0),
('081411631008', 9, '2016-03-21 11:35:22', 0),
('081411631009', 9, '2016-03-21 11:35:30', 0),
('081411631009', 9, '2016-03-21 11:35:44', 0),
('081411631010', 9, '2016-03-21 11:35:54', 0),
('081411631011', 9, '2016-03-21 11:36:05', 0),
('081411631012', 9, '2016-03-21 11:36:19', 0),
('081411631013', 9, '2016-03-21 11:36:47', 0),
('081411631014', 9, '2016-03-21 11:36:54', 0),
('081411631015', 9, '2016-03-21 11:37:39', 0),
('081411631016', 9, '2016-03-21 11:37:49', 0),
('081411631017', 9, '2016-03-21 11:38:01', 0),
('081411631018', 9, '2016-03-21 11:38:12', 0),
('081411631019', 9, '2016-03-21 11:38:30', 0),
('081411631020', 9, '2016-03-21 11:38:41', 0),
('081411631021', 9, '2016-03-21 11:39:07', 0),
('081411631022', 9, '2016-03-21 11:39:23', 0),
('081411631023', 9, '2016-03-21 11:39:34', 0),
('081411631024', 9, '2016-03-21 11:39:46', 0),
('081411631025', 9, '2016-03-21 11:40:11', 0),
('081411631026', 9, '2016-03-21 11:40:34', 0),
('081411631027', 9, '2016-03-21 11:40:44', 0),
('081411631028', 9, '2016-03-21 11:40:54', 0),
('081411631029', 9, '2016-03-21 11:41:14', 0),
('081411631030', 9, '2016-03-21 11:41:38', 0),
('081411631031', 9, '2016-03-21 11:41:56', 0),
('081411631031', 9, '2016-03-21 11:42:19', 0),
('081411631032', 9, '2016-03-21 11:42:34', 0),
('081411631033', 9, '2016-03-21 11:43:24', 0),
('081411631034', 9, '2016-03-21 11:43:38', 0),
('081411631035', 9, '2016-03-21 11:43:48', 0),
('081411631036', 9, '2016-03-21 11:43:59', 0),
('081411631037', 9, '2016-03-21 11:44:16', 0),
('081411631038', 9, '2016-03-21 11:44:28', 0),
('081411631039', 9, '2016-03-21 11:44:48', 0),
('081411631040', 9, '2016-03-21 11:45:50', 0),
('081411631041', 9, '2016-03-21 11:46:00', 0),
('081411631042', 9, '2016-03-21 11:46:12', 0),
('081411631043', 9, '2016-03-21 11:46:46', 0),
('081411631044', 9, '2016-03-21 11:47:04', 0),
('081411631045', 9, '2016-03-21 11:48:14', 0),
('081411631047', 9, '2016-03-21 11:48:37', 0),
('081411631049', 9, '2016-03-21 11:48:53', 0),
('081411631050', 9, '2016-03-21 11:49:06', 0),
('081411633001', 9, '2016-03-21 11:49:30', 0),
('081411633004', 9, '2016-03-21 11:50:04', 0),
('081411633005', 9, '2016-03-21 11:50:20', 0),
('081411633006', 9, '2016-03-21 11:50:37', 0),
('081411633007', 9, '2016-03-21 11:50:49', 0),
('081411633008', 9, '2016-03-21 11:51:05', 0),
('081411633009', 9, '2016-03-21 11:51:19', 0),
('081511633001', 3, '2016-03-21 08:59:58', 0),
('081511633001', 3, '2016-03-21 10:11:54', 0),
('081511633001', 4, '2016-03-21 08:59:58', 0),
('081511633001', 4, '2016-03-21 10:11:54', 0),
('081511633001', 5, '2016-03-21 08:59:58', 0),
('081511633001', 5, '2016-03-21 10:11:54', 0),
('081511633002', 3, '2016-03-21 09:00:18', 0),
('081511633002', 4, '2016-03-21 09:00:18', 0),
('081511633002', 5, '2016-03-21 09:00:18', 0),
('081511633003', 3, '2016-03-21 09:01:18', 0),
('081511633003', 4, '2016-03-21 09:01:18', 0),
('081511633003', 5, '2016-03-21 09:01:18', 0),
('081511633004', 3, '2016-03-21 09:02:42', 0),
('081511633004', 4, '2016-03-21 09:02:42', 0),
('081511633004', 5, '2016-03-21 09:02:42', 0),
('081511633005', 3, '2016-03-21 09:02:52', 0),
('081511633005', 4, '2016-03-21 09:02:52', 0),
('081511633005', 5, '2016-03-21 09:02:52', 0),
('081511633006', 3, '2016-03-21 09:03:04', 0),
('081511633006', 4, '2016-03-21 09:03:04', 0),
('081511633006', 5, '2016-03-21 09:03:04', 0),
('081511633007', 3, '2016-03-21 09:04:23', 0),
('081511633007', 4, '2016-03-21 09:04:23', 0),
('081511633007', 5, '2016-03-21 09:04:23', 0),
('081511633008', 3, '2016-03-21 09:04:52', 0),
('081511633008', 4, '2016-03-21 09:04:52', 0),
('081511633008', 5, '2016-03-21 09:04:52', 0),
('081511633009', 3, '2016-03-21 09:05:04', 0),
('081511633009', 4, '2016-03-21 09:05:04', 0),
('081511633009', 5, '2016-03-21 09:05:04', 0),
('081511633010', 3, '2016-03-21 09:05:15', 0),
('081511633010', 4, '2016-03-21 09:05:15', 0),
('081511633010', 5, '2016-03-21 09:05:15', 0),
('081511633011', 3, '2016-03-21 09:05:26', 0),
('081511633011', 4, '2016-03-21 09:05:26', 0),
('081511633011', 5, '2016-03-21 09:05:26', 0),
('081511633012', 3, '2016-03-21 09:05:37', 0),
('081511633012', 4, '2016-03-21 09:05:37', 0),
('081511633012', 5, '2016-03-21 09:05:37', 0),
('081511633013', 3, '2016-03-21 09:05:49', 0),
('081511633013', 4, '2016-03-21 09:05:49', 0),
('081511633013', 5, '2016-03-21 09:05:49', 0),
('081511633014', 3, '2016-03-21 09:06:06', 0),
('081511633014', 4, '2016-03-21 09:06:06', 0),
('081511633014', 5, '2016-03-21 09:06:06', 0),
('081511633015', 3, '2016-03-21 09:06:56', 0),
('081511633015', 4, '2016-03-21 09:06:56', 0),
('081511633015', 5, '2016-03-21 09:06:56', 0),
('081511633016', 3, '2016-03-21 09:07:10', 0),
('081511633016', 4, '2016-03-21 09:07:10', 0),
('081511633016', 5, '2016-03-21 09:07:10', 0),
('081511633017', 3, '2016-03-21 09:07:21', 0),
('081511633017', 4, '2016-03-21 09:07:21', 0),
('081511633017', 5, '2016-03-21 09:07:21', 0),
('081511633018', 3, '2016-03-21 09:26:27', 0),
('081511633018', 4, '2016-03-21 09:26:27', 0),
('081511633018', 5, '2016-03-21 09:26:27', 0),
('081511633019', 3, '2016-03-21 09:26:43', 0),
('081511633019', 4, '2016-03-21 09:26:43', 0),
('081511633019', 5, '2016-03-21 09:26:43', 0),
('081511633020', 3, '2016-03-21 09:27:08', 0),
('081511633020', 4, '2016-03-21 09:27:08', 0),
('081511633020', 5, '2016-03-21 09:27:08', 0),
('081511633021', 3, '2016-03-21 09:27:25', 0),
('081511633021', 4, '2016-03-21 09:27:25', 0),
('081511633021', 5, '2016-03-21 09:27:25', 0),
('081511633022', 3, '2016-03-21 09:27:58', 0),
('081511633022', 4, '2016-03-21 09:27:58', 0),
('081511633022', 5, '2016-03-21 09:27:58', 0),
('081511633023', 3, '2016-03-21 09:28:19', 0),
('081511633023', 4, '2016-03-21 09:28:19', 0),
('081511633023', 5, '2016-03-21 09:28:19', 0),
('081511633024', 3, '2016-03-21 09:28:33', 0),
('081511633024', 4, '2016-03-21 09:28:33', 0),
('081511633024', 5, '2016-03-21 09:28:33', 0),
('081511633025', 3, '2016-03-21 09:28:54', 0),
('081511633025', 4, '2016-03-21 09:28:54', 0),
('081511633025', 5, '2016-03-21 09:28:54', 0),
('081511633026', 3, '2016-03-21 09:29:11', 0),
('081511633026', 4, '2016-03-21 09:29:11', 0),
('081511633026', 5, '2016-03-21 09:29:11', 0),
('081511633027', 3, '2016-03-21 09:33:24', 0),
('081511633027', 4, '2016-03-21 09:33:24', 0),
('081511633027', 5, '2016-03-21 09:33:24', 0),
('081511633028', 3, '2016-03-21 09:33:43', 0),
('081511633028', 4, '2016-03-21 09:33:43', 0),
('081511633028', 5, '2016-03-21 09:33:43', 0),
('081511633029', 3, '2016-03-21 09:39:25', 0),
('081511633029', 4, '2016-03-21 09:39:25', 0),
('081511633029', 5, '2016-03-21 09:39:25', 0),
('081511633030', 3, '2016-03-21 09:40:19', 0),
('081511633030', 4, '2016-03-21 09:40:19', 0),
('081511633030', 5, '2016-03-21 09:40:19', 0),
('081511633031', 3, '2016-03-21 09:40:45', 0),
('081511633031', 4, '2016-03-21 09:40:45', 0),
('081511633031', 5, '2016-03-21 09:40:45', 0),
('081511633032', 3, '2016-03-21 09:41:24', 0),
('081511633032', 4, '2016-03-21 09:41:24', 0),
('081511633032', 5, '2016-03-21 09:41:24', 0),
('081511633033', 3, '2016-03-21 09:55:09', 0),
('081511633033', 4, '2016-03-21 09:55:09', 0),
('081511633033', 5, '2016-03-21 09:55:09', 0),
('081511633034', 3, '2016-03-21 09:59:04', 0),
('081511633034', 4, '2016-03-21 09:59:04', 0),
('081511633034', 5, '2016-03-21 09:59:04', 0),
('081511633035', 3, '2016-03-21 10:16:49', 0),
('081511633035', 4, '2016-03-21 10:16:49', 0),
('081511633035', 5, '2016-03-21 10:16:49', 0),
('081511633036', 3, '2016-03-21 10:17:15', 0),
('081511633036', 4, '2016-03-21 10:17:15', 0),
('081511633036', 5, '2016-03-21 10:17:15', 0),
('081511633037', 3, '2016-03-21 10:20:07', 0),
('081511633037', 4, '2016-03-21 10:20:07', 0),
('081511633037', 5, '2016-03-21 10:20:07', 0),
('081511633038', 3, '2016-03-21 10:20:20', 0),
('081511633038', 4, '2016-03-21 10:20:20', 0),
('081511633038', 5, '2016-03-21 10:20:20', 0),
('081511633039', 3, '2016-03-21 10:20:35', 0),
('081511633039', 4, '2016-03-21 10:20:35', 0),
('081511633039', 5, '2016-03-21 10:20:35', 0),
('081511633040', 3, '2016-03-21 10:20:52', 0),
('081511633040', 4, '2016-03-21 10:20:52', 0),
('081511633040', 5, '2016-03-21 10:20:52', 0),
('081511633041', 3, '2016-03-21 10:21:21', 0),
('081511633041', 4, '2016-03-21 10:21:21', 0),
('081511633041', 5, '2016-03-21 10:21:21', 0),
('081511633042', 3, '2016-03-21 10:21:45', 0),
('081511633042', 4, '2016-03-21 10:21:45', 0),
('081511633042', 5, '2016-03-21 10:21:45', 0),
('081511633043', 3, '2016-03-21 10:22:03', 0),
('081511633043', 4, '2016-03-21 10:22:03', 0),
('081511633043', 5, '2016-03-21 10:22:03', 0),
('081511633044', 3, '2016-03-21 10:24:40', 0),
('081511633044', 4, '2016-03-21 10:24:40', 0),
('081511633044', 5, '2016-03-21 10:24:40', 0),
('081511633045', 3, '2016-03-21 10:25:18', 0),
('081511633045', 4, '2016-03-21 10:25:18', 0),
('081511633045', 5, '2016-03-21 10:25:18', 0),
('081511633046', 3, '2016-03-21 10:27:10', 0),
('081511633046', 4, '2016-03-21 10:27:10', 0),
('081511633046', 5, '2016-03-21 10:27:10', 0),
('081511633047', 3, '2016-03-21 10:28:06', 0),
('081511633047', 4, '2016-03-21 10:28:06', 0),
('081511633047', 5, '2016-03-21 10:28:06', 0),
('081511633048', 3, '2016-03-21 10:29:38', 0),
('081511633048', 4, '2016-03-21 10:29:38', 0),
('081511633048', 5, '2016-03-21 10:29:38', 0),
('081511633049', 3, '2016-03-21 10:30:12', 0),
('081511633049', 4, '2016-03-21 10:30:12', 0),
('081511633049', 5, '2016-03-21 10:30:12', 0),
('081511633050', 3, '2016-03-21 10:30:29', 0),
('081511633050', 4, '2016-03-21 10:30:29', 0),
('081511633050', 5, '2016-03-21 10:30:29', 0),
('081511633051', 3, '2016-03-21 10:30:47', 0),
('081511633051', 4, '2016-03-21 10:30:47', 0),
('081511633051', 5, '2016-03-21 10:30:47', 0),
('081511633052', 3, '2016-03-21 10:31:02', 0),
('081511633052', 4, '2016-03-21 10:31:02', 0),
('081511633052', 5, '2016-03-21 10:31:02', 0),
('081511633053', 3, '2016-03-21 10:33:27', 0),
('081511633053', 4, '2016-03-21 10:33:27', 0),
('081511633053', 5, '2016-03-21 10:33:27', 0),
('081511633054', 3, '2016-03-21 10:33:40', 0),
('081511633054', 4, '2016-03-21 10:33:40', 0),
('081511633054', 5, '2016-03-21 10:33:40', 0),
('081511633055', 3, '2016-03-21 10:34:13', 0),
('081511633055', 4, '2016-03-21 10:34:13', 0),
('081511633055', 5, '2016-03-21 10:34:13', 0),
('081511633056', 3, '2016-03-21 10:34:24', 0),
('081511633056', 4, '2016-03-21 10:34:24', 0),
('081511633056', 5, '2016-03-21 10:34:24', 0);

--
-- Trigger `mengambil`
--
DELIMITER $$
CREATE TRIGGER `mengambil_after_insert` AFTER INSERT ON `mengambil`
 FOR EACH ROW INSERT INTO absen (mengambil_mahasiswa_nim, mengambil_mata_kuliah_id_mk,mengambil_tgl_register,tgl_absen,is_over_absen) VALUES (NEW.mahasiswa_nim, NEW.mata_kuliah_id_mk,NEW.tgl_register,NULL,0)
$$
DELIMITER ;

-- --------------------------------------------------------

--
-- Struktur dari tabel `penutor`
--

CREATE TABLE IF NOT EXISTS `penutor` (
  `Mahasiswa_nim` varchar(20) NOT NULL
) ENGINE=InnoDB DEFAULT CHARSET=utf8;

--
-- Dumping data untuk tabel `penutor`
--

INSERT INTO `penutor` (`Mahasiswa_nim`) VALUES
('081411631003'),
('081411631044');

--
-- Indexes for dumped tables
--

--
-- Indexes for table `absen`
--
ALTER TABLE `absen`
  ADD PRIMARY KEY (`Mengambil_Mahasiswa_nim`,`Mengambil_Mata_Kuliah_id_mk`,`Mengambil_tgl_register`),
  ADD KEY `Mengambil_Mata_Kuliah_id_mk` (`Mengambil_Mata_Kuliah_id_mk`);

--
-- Indexes for table `mahasiswa`
--
ALTER TABLE `mahasiswa`
  ADD PRIMARY KEY (`nim`);

--
-- Indexes for table `mata_kuliah`
--
ALTER TABLE `mata_kuliah`
  ADD PRIMARY KEY (`id_mk`),
  ADD UNIQUE KEY `nama_mk` (`nama_mk`);

--
-- Indexes for table `mata_kuliah_has_penutor`
--
ALTER TABLE `mata_kuliah_has_penutor`
  ADD PRIMARY KEY (`Mata_Kuliah_id_mk`,`Penutor_Mahasiswa_nim`),
  ADD KEY `fk_Mata_Kuliah_has_Penutor_Penutor1_idx` (`Penutor_Mahasiswa_nim`),
  ADD KEY `fk_Mata_Kuliah_has_Penutor_Mata_Kuliah1_idx` (`Mata_Kuliah_id_mk`);

--
-- Indexes for table `mengambil`
--
ALTER TABLE `mengambil`
  ADD PRIMARY KEY (`Mahasiswa_nim`,`Mata_Kuliah_id_mk`,`tgl_register`),
  ADD KEY `fk_Mahasiswa_has_Mata_Kuliah_Mata_Kuliah2_idx` (`Mata_Kuliah_id_mk`),
  ADD KEY `fk_Mahasiswa_has_Mata_Kuliah_Mahasiswa1_idx` (`Mahasiswa_nim`);

--
-- Indexes for table `penutor`
--
ALTER TABLE `penutor`
  ADD PRIMARY KEY (`Mahasiswa_nim`);

--
-- Ketidakleluasaan untuk tabel pelimpahan (Dumped Tables)
--

--
-- Ketidakleluasaan untuk tabel `absen`
--
ALTER TABLE `absen`
  ADD CONSTRAINT `absen_ibfk_1` FOREIGN KEY (`Mengambil_Mahasiswa_nim`) REFERENCES `mahasiswa` (`nim`) ON DELETE CASCADE ON UPDATE CASCADE,
  ADD CONSTRAINT `absen_ibfk_2` FOREIGN KEY (`Mengambil_Mata_Kuliah_id_mk`) REFERENCES `mengambil` (`Mata_Kuliah_id_mk`);

--
-- Ketidakleluasaan untuk tabel `mata_kuliah_has_penutor`
--
ALTER TABLE `mata_kuliah_has_penutor`
  ADD CONSTRAINT `fk_Mata_Kuliah_has_Penutor_Mata_Kuliah1` FOREIGN KEY (`Mata_Kuliah_id_mk`) REFERENCES `mata_kuliah` (`id_mk`) ON DELETE CASCADE ON UPDATE CASCADE,
  ADD CONSTRAINT `fk_Mata_Kuliah_has_Penutor_Penutor1` FOREIGN KEY (`Penutor_Mahasiswa_nim`) REFERENCES `penutor` (`Mahasiswa_nim`) ON DELETE CASCADE ON UPDATE CASCADE;

--
-- Ketidakleluasaan untuk tabel `mengambil`
--
ALTER TABLE `mengambil`
  ADD CONSTRAINT `fk_Mahasiswa_has_Mata_Kuliah_Mahasiswa1` FOREIGN KEY (`Mahasiswa_nim`) REFERENCES `mahasiswa` (`nim`) ON DELETE CASCADE ON UPDATE CASCADE,
  ADD CONSTRAINT `fk_Mahasiswa_has_Mata_Kuliah_Mata_Kuliah2` FOREIGN KEY (`Mata_Kuliah_id_mk`) REFERENCES `mata_kuliah` (`id_mk`) ON DELETE CASCADE ON UPDATE CASCADE;

--
-- Ketidakleluasaan untuk tabel `penutor`
--
ALTER TABLE `penutor`
  ADD CONSTRAINT `fk_Penutor_Mahasiswa1` FOREIGN KEY (`Mahasiswa_nim`) REFERENCES `mahasiswa` (`nim`) ON DELETE CASCADE ON UPDATE CASCADE;

/*!40101 SET CHARACTER_SET_CLIENT=@OLD_CHARACTER_SET_CLIENT */;
/*!40101 SET CHARACTER_SET_RESULTS=@OLD_CHARACTER_SET_RESULTS */;
/*!40101 SET COLLATION_CONNECTION=@OLD_COLLATION_CONNECTION */;
